{"cameraMode":{"drawMode":0,"name":"Shaded","section":"Shading Mode"},"sceneLighting":false,"audioPlay":false,"sceneViewState":{"m_AlwaysRefresh":false,"showFog":true,"showSkybox":false,"showFlares":true,"showImageEffects":true,"showParticleSystems":true,"showVisualEffectGraphs":true,"m_FxEnabled":true},"in2DMode":false,"pivot":{"x":-0.003771573305130005,"y":0.023763686418533326,"z":0.00572437047958374},"rotation":{"x":0.08031179755926132,"y":-4.0919627508628766e-7,"z":5.300008751873975e-7,"w":0.996775209903717},"size":0.7234314680099487,"orthographic":false}