{"cameraMode":{"drawMode":0,"name":"Shaded","section":"Shading Mode"},"sceneLighting":false,"audioPlay":false,"sceneViewState":{"m_AlwaysRefresh":false,"showFog":true,"showSkybox":false,"showFlares":true,"showImageEffects":true,"showParticleSystems":true,"showVisualEffectGraphs":true,"m_FxEnabled":true},"in2DMode":false,"pivot":{"x":-764.5186157226563,"y":24.179950714111329,"z":220.74435424804688},"rotation":{"x":0.017322415485978128,"y":0.00930058490484953,"z":-0.00016151434101630002,"w":0.9998137354850769},"size":69.22061920166016,"orthographic":false}