{"cameraMode":{"drawMode":0,"name":"Shaded","section":"Shading Mode"},"sceneLighting":false,"audioPlay":false,"sceneViewState":{"m_AlwaysRefresh":false,"showFog":true,"showSkybox":false,"showFlares":true,"showImageEffects":true,"showParticleSystems":true,"showVisualEffectGraphs":true,"m_FxEnabled":true},"in2DMode":false,"pivot":{"x":0.00670623779296875,"y":0.6544961333274841,"z":-0.00759124755859375},"rotation":{"x":0.115456722676754,"y":0.04021325334906578,"z":-0.004677781369537115,"w":0.9924970865249634},"size":24.01976776123047,"orthographic":false}