{"cameraMode":{"drawMode":0,"name":"Shaded","section":"Shading Mode"},"sceneLighting":false,"audioPlay":false,"sceneViewState":{"m_AlwaysRefresh":false,"showFog":true,"showSkybox":false,"showFlares":true,"showImageEffects":true,"showParticleSystems":true,"showVisualEffectGraphs":true,"m_FxEnabled":true},"in2DMode":false,"pivot":{"x":39.542510986328128,"y":6.090000152587891,"z":32.999755859375},"rotation":{"x":0.28048908710479739,"y":-0.024473067373037339,"z":0.007154009770601988,"w":0.9595198631286621},"size":0.000019031716874451376,"orthographic":true}