{"cameraMode":{"drawMode":0,"name":"Shaded","section":"Shading Mode"},"sceneLighting":false,"audioPlay":false,"sceneViewState":{"m_AlwaysRefresh":false,"showFog":true,"showSkybox":false,"showFlares":true,"showImageEffects":true,"showParticleSystems":true,"showVisualEffectGraphs":true,"m_FxEnabled":true},"in2DMode":false,"pivot":{"x":0.009037017822265625,"y":0.2594924569129944,"z":0.23238062858581544},"rotation":{"x":0.1576376110315323,"y":-0.017773553729057313,"z":0.002837729873135686,"w":0.9873318672180176},"size":3.201334238052368,"orthographic":false}