{"cameraMode":{"drawMode":0,"name":"Shaded","section":"Shading Mode"},"sceneLighting":false,"audioPlay":false,"sceneViewState":{"m_AlwaysRefresh":false,"showFog":true,"showSkybox":false,"showFlares":true,"showImageEffects":true,"showParticleSystems":true,"showVisualEffectGraphs":true,"m_FxEnabled":true},"in2DMode":false,"pivot":{"x":-1.1920928955078126e-7,"y":0.833835780620575,"z":0.08260154724121094},"rotation":{"x":0.08186428993940354,"y":-0.2835727035999298,"z":0.02430475316941738,"w":0.9551423788070679},"size":6.771024227142334,"orthographic":false}