{"cameraMode":{"drawMode":0,"name":"Shaded","section":"Shading Mode"},"sceneLighting":false,"audioPlay":false,"sceneViewState":{"m_AlwaysRefresh":false,"showFog":true,"showSkybox":false,"showFlares":true,"showImageEffects":true,"showParticleSystems":true,"showVisualEffectGraphs":true,"m_FxEnabled":true},"in2DMode":false,"pivot":{"x":-5.251999855041504,"y":1.7573407888412476,"z":-2.8919999599456789},"rotation":{"x":0.1694256067276001,"y":-0.041379671543836597,"z":0.007120069116353989,"w":0.9846498966217041},"size":0.14142130315303803,"orthographic":true}