{"cameraMode":{"drawMode":0,"name":"Shaded","section":"Shading Mode"},"sceneLighting":false,"audioPlay":false,"sceneViewState":{"m_AlwaysRefresh":false,"showFog":true,"showSkybox":false,"showFlares":true,"showImageEffects":true,"showParticleSystems":true,"showVisualEffectGraphs":true,"m_FxEnabled":true},"in2DMode":false,"pivot":{"x":-0.013296008110046387,"y":2.010995864868164,"z":0.31607890129089358},"rotation":{"x":0.09720850735902786,"y":-0.052825286984443668,"z":0.005166726652532816,"w":0.9938489198684692},"size":2.737591028213501,"orthographic":false}