{"cameraMode":{"drawMode":0,"name":"Shaded","section":"Shading Mode"},"sceneLighting":false,"audioPlay":false,"sceneViewState":{"m_AlwaysRefresh":false,"showFog":true,"showSkybox":false,"showFlares":true,"showImageEffects":true,"showParticleSystems":true,"showVisualEffectGraphs":true,"m_FxEnabled":true},"in2DMode":false,"pivot":{"x":-0.010139226913452149,"y":-0.024951979517936708,"z":-0.03863061964511871},"rotation":{"x":0.21070103347301484,"y":0.030786853283643724,"z":-0.006638695020228624,"w":0.9770474433898926},"size":0.3857194185256958,"orthographic":true}