{"cameraMode":{"drawMode":0,"name":"Shaded","section":"Shading Mode"},"sceneLighting":false,"audioPlay":false,"sceneViewState":{"m_AlwaysRefresh":false,"showFog":true,"showSkybox":false,"showFlares":true,"showImageEffects":true,"showParticleSystems":true,"showVisualEffectGraphs":true,"m_FxEnabled":true},"in2DMode":false,"pivot":{"x":0.06492775678634644,"y":-0.020235419273376466,"z":-0.004970550537109375},"rotation":{"x":0.21070103347301484,"y":0.030786853283643724,"z":-0.006638695020228624,"w":0.9770474433898926},"size":0.5258165597915649,"orthographic":true}