{"cameraMode":{"drawMode":0,"name":"Shaded","section":"Shading Mode"},"sceneLighting":false,"audioPlay":false,"sceneViewState":{"m_AlwaysRefresh":false,"showFog":true,"showSkybox":false,"showFlares":true,"showImageEffects":true,"showParticleSystems":true,"showVisualEffectGraphs":true,"m_FxEnabled":true},"in2DMode":false,"pivot":{"x":-1.4901161193847657e-8,"y":1.862645149230957e-8,"z":-2.9802322387695315e-8},"rotation":{"x":0.21070103347301484,"y":0.030786853283643724,"z":-0.006638695020228624,"w":0.9770474433898926},"size":0.16707322001457215,"orthographic":true}