{"cameraMode":{"drawMode":0,"name":"Shaded","section":"Shading Mode"},"sceneLighting":false,"audioPlay":false,"sceneViewState":{"m_AlwaysRefresh":false,"showFog":true,"showSkybox":false,"showFlares":true,"showImageEffects":true,"showParticleSystems":true,"showVisualEffectGraphs":true,"m_FxEnabled":true},"in2DMode":false,"pivot":{"x":0.1605747938156128,"y":0.10075032711029053,"z":-0.0034029483795166017},"rotation":{"x":0.09720850735902786,"y":-0.052825286984443668,"z":0.005166726652532816,"w":0.9938489198684692},"size":1.323798656463623,"orthographic":false}