{"cameraMode":{"drawMode":0,"name":"Shaded","section":"Shading Mode"},"sceneLighting":false,"audioPlay":false,"sceneViewState":{"m_AlwaysRefresh":false,"showFog":true,"showSkybox":false,"showFlares":true,"showImageEffects":true,"showParticleSystems":true,"showVisualEffectGraphs":true,"m_FxEnabled":true},"in2DMode":false,"pivot":{"x":0.030248641967773439,"y":0.034279853105545047,"z":0.007686197757720947},"rotation":{"x":0.005894292611628771,"y":-0.9695373177528381,"z":0.02326229028403759,"w":0.24402916431427003},"size":0.517167866230011,"orthographic":true}