{"cameraMode":{"drawMode":0,"name":"Shaded","section":"Shading Mode"},"sceneLighting":false,"audioPlay":false,"sceneViewState":{"m_AlwaysRefresh":false,"showFog":true,"showSkybox":false,"showFlares":true,"showImageEffects":true,"showParticleSystems":true,"showVisualEffectGraphs":true,"m_FxEnabled":true},"in2DMode":false,"pivot":{"x":0.026461780071258546,"y":0.018558628857135774,"z":-0.0265943706035614},"rotation":{"x":0.21070103347301484,"y":0.030786853283643724,"z":-0.006638695020228624,"w":0.9770474433898926},"size":0.32220563292503359,"orthographic":true}